dat1,dat2,dat3,dat4,dat5,dat6,dat7,dat8,dat9
47,797,59,0,98242,33974,324,7,236
5059,1382,21958,92,77,6,886,25,537
72118,61,17118,84989,6255,706,3,474,67102
7,083,80134,57,48,956,263,5614,61
87,53,9,6,4,22,5592,10,58089
271,282,103,86,82,6208,65751,5726,741
972,42,59,49623,0,26897,66,29460,2105
757,85003,22630,1186,06963,439,9,5835,37
39,91311,9,3,2,3281,7,575,6560
8,402,5,6530,43125,85443,5,864,401
0,753,54,71080,08,268,19718,83,0
78,73,9,629,807,08,6,53044,76
51952,807,6,1034,60,3022,62,74440,32492
5,8029,534,14,1670,566,78119,71478,039
100,05,4946,16104,3,88198,08,2727,580
93439,2473,3211,41305,38,0,011,6,3484
076,61,46,7942,3477,58459,20557,099,55
524,6,6,66,46,79,1,07819,8
8098,95,57,2,90802,93384,507,1,89188
1,189,0857,4,37058,3,7554,5,93091
8841,7,3,4533,1,3,66401,400,9
2406,8,44,3,05,8,8635,30897,796
2,54,2,3557,68,80,45001,3900,5
513,591,4,8,7444,78604,5962,90,36
210,06370,8,17966,1193,9,9388,7,8
510,73191,44,33456,851,09246,417,2697,2185
54175,79699,22,7743,0,7,60,54562,5
9,10119,1,06385,055,7268,01,75947,48
6657,2560,10,5160,82,937,59,9251,95
00,3,83,28112,5848,7,2,7,01
41968,72,0,117,8,36,99,10432,45
2221,2,2,52222,941,66620,0,85,0715
9,068,9,19,7519,29,49,20478,6448
72,20,46805,23,262,6,926,52,88
6856,0,399,85218,9,9,636,06,0
100,1,31914,3597,246,932,782,27219,979
835,9,88,729,94943,9,9418,034,39
6478,618,9,0,6580,7,768,9,22
9,088,737,50,5,4,808,451,1626
79,8149,8744,92,12389,81,9307,3044,85
398,029,3057,3298,69851,49,8027,4,3851
9,1735,16,55,6127,8,2,4026,06722
04065,6051,384,31198,17,20,7,6448,95097
24,3,3671,61,995,6561,63,9146,89
4,83637,6,7837,7,4074,2,79394,453
35,4559,98,77922,1371,37,4058,64990,19260
8,20690,58,5939,02489,68,609,39,6
2,2,42,805,09663,956,70120,3,382
03637,82881,90,58200,05,67,6,078,47754
08,9124,4429,90,47,91323,5468,5582,90623
78248,760,2,3521,54126,63,608,93394,758
0143,8,9101,87,33493,44,2439,3,0
0,6,0,47202,56,9,96,168,0
6,08029,05,8568,91106,9183,486,5916,4236
66,5258,0649,9443,43,3,20,73,424
40,62545,54292,27377,9,3,49509,00564,77142
7247,747,8334,958,3571,23120,6,1193,2
5,78306,6095,254,1,43062,68300,6422,54
6,50,7423,80,292,2317,4990,5,422
75943,16,543,8,9,47,3,5,9768
109,575,173,3,5719,3192,84716,4,2
80725,8253,95777,6407,07,17660,196,46,718
526,2,03434,19,6490,31,72988,48815,40
3,1751,037,2667,7555,6,89,488,046
68193,4838,0048,6782,58,67,052,1494,01615
3,3843,7,206,0,2001,07866,8747,66
9,2,1,73522,6040,26,25590,74,697
7162,255,39,89054,0,75518,60313,3152,2
1,042,886,23990,40346,6472,38,344,16
76,14,131,71,22,0,2,05,027
214,34732,2184,3642,94051,73856,4,21,4876
23213,6219,7477,78781,21,79630,869,977,82506
5614,8,6,866,6,0,56,29107,6
75866,8131,4,9805,5226,224,5,4,42
81,059,26,3,4,15,0085,742,3
62503,31,19531,23167,1843,92297,727,3,743
62987,20,538,8014,7075,6,52,2,99469
87,6,26,28,431,9,86395,450,9563
21,356,60002,0200,59,89193,344,016,867
72517,02253,01616,68,408,1296,22,1045,3077
98,535,0,82,19559,17901,38087,593,101
292,37378,069,11,1106,0,31250,4371,53187
4,8,83,67,27040,53231,6,875,37
8,4232,1,70,74,3,1,86,7075
30424,538,23,0,5189,4104,46,7033,0560
24,1006,86418,354,67437,151,263,9299,89831
3996,480,2411,717,8,178,2,85634,2503
79000,657,3,02728,5,41652,65367,713,49
4582,0,659,994,82,1547,048,1,42538
3916,24,3162,85,5,7,19,7,81510
75,544,67,3,0,96442,7810,62,77
2773,28648,91075,3318,827,3129,07,6,7319
7658,3757,514,425,530,33782,69832,6020,42
1,31,7102,0,67,4,690,8,7
366,070,55,842,9,95,65,88039,088
00,54,97691,36,1062,32052,48,91,66427
0726,15,14,08,6891,7,96062,18684,0
9388,0,21,618,8,10650,2,53182,36697
4,2,99,3258,6810,829,6,3,7
4,054,128,0,184,5234,8830,22,576
3225,47,08435,72236,5,1801,2911,413,5
7,12,6220,86052,704,28,58,7234,7
76520,58052,60775,27,67,908,1,038,71513
4125,6166,975,23204,95210,61,8,3,82
1,60,7,174,252,7,2,42311,3
7047,260,69982,258,65805,63105,4,55199,02
13903,61003,6,59788,0,4192,57,67,6
3,85571,2,94,8,186,28,1112,28383
989,7905,0621,96,8,4495,81278,82,74
085,94839,58887,56,447,38411,34,5,5
4,5,5821,0,650,64212,43536,1190,6
23883,68,01,51,20657,4797,90822,46,3744
23250,320,68504,95740,904,35,7,4,084
01275,5264,3039,61394,54,2,72,84232,5549
84464,2966,4,99558,24,56975,59136,4,1213
5,9052,2,1,9552,9235,192,911,86486
1,57,20498,1,8,06,00,36548,4
133,5,77718,31287,553,6,9699,2,012
19,0622,37062,07,16,6,4971,075,32429
5,6197,6,4909,73751,67880,3714,72221,6
7,7,0,3914,0,8,7883,94,90
036,02,1,2466,99,22,2478,0,90
07,02,0640,56,24999,9,31,3,20072
15042,6075,6901,61021,0,985,7585,94560,323
02857,59731,966,6,8,7,87885,5,2287
5628,2693,64,9842,44417,95793,4455,7,51
0,2,208,0,664,2,5,03231,2735
6,28,0971,98,23,8,865,0803,5042
88069,60488,510,39,77,3808,850,50000,415
85,55733,8988,95,3056,4,7406,10,59
04,821,76,2606,42,3324,20,90,383
9,481,2,33,64,64,913,1,0383
72800,57,89,86721,3347,564,5,3,48580
69740,1188,46,4062,341,37,765,2,651
4938,381,4686,12,43,547,81,118,26
3,8347,7,00,6509,3,04447,81327,7126
76,2601,5344,9806,2482,6,05515,051,72479
217,41,2,8,8227,0224,87,433,1791
46,18,4625,61643,9,733,47590,9,1268
5800,4,9670,45284,173,014,19,5831,6
51,0,46811,42,5379,1,574,25,663
1779,6,20231,445,85958,60,14877,21143,2
64,73945,20,42864,98493,54475,57343,1405,653
166,63,81,14,0,24823,0,20637,12
8,041,6,0,87,0029,65291,13,72
5798,09545,9,3369,62760,46671,29,44041,9872
32765,4,14,8,1,358,68459,6,65
768,1756,7674,3,275,0065,31,8159,1354
1,44216,1,06,159,0,40,8396,4
54067,343,36,9340,45112,59851,2857,8,1252
3439,85361,1336,70182,9628,65539,12736,63,7
859,98529,8,495,7829,24927,0334,54956,6
28,9630,7090,91,2,30,31937,84512,5874
503,8920,085,14,387,6442,44,7,27
0308,06632,6535,9,03,0925,8385,2828,862
59,2219,0916,8,1765,2269,03,831,419
577,19775,91990,9,98345,46,9453,71,7855
43,7,3,73825,99,2,86926,7,6
1112,97510,3588,6,1,938,7998,6114,86629
90,0189,226,600,89175,1,590,42,9025
8,227,52,9591,79890,5,17,0,66177
93,53596,0616,33,7,88363,63031,95074,4
847,00403,21845,7038,6846,578,0,450,5
5004,93,807,24981,4940,19,8455,95,001
06,01090,7,8843,98840,42,5,86293,24673
83662,3,463,97200,84243,67345,3026,96190,61971
94,8668,814,86002,822,55,3,26899,475
14,8,32882,9784,23,4276,20935,6964,52
7546,0192,559,2,60,553,25116,21277,68
75,3232,09,41,45,4,03,996,898
24,6,88,8745,558,883,53082,38372,7
2,308,616,8,73030,7924,3,17,29363
7080,6030,328,271,26068,6,64107,555,02476
89,93287,1,1760,1296,56,42,72,02293
69,9,8,278,52,01,890,2442,32258
81,171,959,91441,1939,3982,191,1,3
96,73,8,806,8225,7,4197,1,8463
0877,2,3911,96775,93,33,00,60,6
62320,64924,54,80,6564,62255,27,8377,65
8,608,7001,62,9,7,75,355,5251
846,6720,388,773,671,91,9549,195,6003
0131,13,447,89,10,7586,345,39,644
411,8,197,357,593,09170,009,93072,12833
27907,1365,58,64,1,199,37,740,1647
0,5,9119,15842,519,1,2116,8103,048
952,40,630,53058,993,4,1120,80858,87787
2643,5983,78373,2414,916,26,909,02485,1
839,41597,72506,7766,6252,3084,2,0327,9
06528,8,40315,1481,54038,37232,79,5707,5
402,78,0564,378,696,385,112,5,869
34060,65,2,944,86,3,018,0,0
3238,6887,188,64,3,826,0076,3692,400
365,85,49116,1288,78,7,44,5,68
19709,4,102,32391,19,65987,2033,2,39
9,44,425,7,14731,60887,00,55,34124
6802,5,91561,9,53887,414,8,20,9852
503,3,8833,8,00770,470,598,9847,84644
357,47308,6,3,6704,4,021,90852,4812
77371,1140,77,57,654,579,01213,7,5082
0786,34,96955,319,36268,438,35208,579,9304
23847,34716,5,07871,4468,4749,769,419,9107
9,6309,3512,1124,077,7,89,6,49018
2,193,14,26519,7,25,942,379,45744
64720,61906,93,6,92,4,51733,003,81998
73,678,930,536,3,69166,773,5562,2
88,10491,510,4,7772,0,39191,6,1345
119,6,203,68430,850,19126,934,7403,57733
17561,6671,4705,2382,657,5619,960,78,39
679,3,3888,1856,75925,2,12,5,839
26658,5,357,2,489,02,2,16,47185
8,3202,738,928,406,99,6,9,83
2,716,39752,698,903,2655,39,5,93239
88512,9004,90,9,3,06,89116,9302,43
898,57,194,811,102,1478,70348,2,3
43042,83,7486,196,22,4,7,098,98
32,8455,5,126,21,97431,905,29,7
393,44724,02,00,6658,1868,62615,81,2
8,00495,28893,32239,9,5230,3,235,0
6691,2,6,35,06909,5,3321,066,55
349,0,9078,2106,5,81082,298,47172,20834
2229,49951,3537,1517,4,2,36,0917,223
724,644,63,38,783,874,40,010,8
2,00072,30,8,43,6,3873,99,292
5,2,35673,5,47,94,0029,7310,614
10,7741,69,757,192,24865,666,24622,5
3374,29081,354,9385,03,75473,3113,9519,558
04,70061,6665,46,40,174,33,581,95340
147,52,0009,0730,9426,64639,884,534,9
34,323,05,6011,3,27808,3,8,95904
518,1618,7,1783,4072,71259,79,35364,21013
7,32837,95206,4040,6,3,6,61545,1
981,77,69421,826,3925,61,96,34,774
8429,17839,45764,9,2,815,08381,902,2875
2,50,796,3,4,63,3144,444,554
54,2705,8,4719,63404,624,719,5,0
12339,1788,2,8907,8,95533,58846,066,4
3,2163,584,7,0506,341,63779,15,52132
33,0,64,96068,833,61936,3934,397,699
71044,86,9484,30161,26,76306,56,40,57
7,46,7,6846,4,35733,923,2,887
065,154,6069,071,72,408,99090,5662,9
73311,74958,86506,392,846,72283,490,1103,4
45637,35,665,313,90112,1,98322,9,28
20,9737,01347,0847,996,3085,6660,6,03
478,99,4,398,85474,277,083,7,84
95508,8571,3364,438,60239,00037,348,50,08
842,238,33,88,06813,3,48,6948,7291
7992,568,22,1780,4484,78746,8405,035,51
3,952,924,45,4,3829,2544,7,06
9,3,32546,28027,27590,2,6386,539,5624
4344,4,90,34,20121,4,3,162,76956
60,8945,40,44416,156,0820,4965,8460,5893
65,547,9,9755,76383,461,4,5408,85167
89495,1053,12584,8,8178,3,4,0,81
8684,8062,2774,47,379,5161,7,94,3012
5,81491,80098,638,98,0356,6,82567,4
8889,132,6083,551,376,61897,9582,8391,35
5,686,1,62,1,30860,312,140,1
749,09,420,02,61,0613,49774,81063,4354
717,53510,75,14,54662,7,1479,5,3674
2856,1484,051,239,55,4,09,14946,9644
06,7052,85,69028,5975,78,6306,51719,391
851,94806,8,6,8558,48317,50,2,6
56,795,6266,80,796,658,96,2787,675
95122,244,67,4086,0582,94,281,04,61852
5868,1466,884,81,50244,2,656,00,899
11992,126,99,5,8,43190,62,19,0694
36,6,45,03,9,8165,1,09,3
81,4,3,34,15,55195,6,158,231
4066,54,574,3720,505,968,179,22,402
463,4,34222,50,0528,73290,57,93,305
59307,02313,92,97616,05,9,28364,53,42116
4,135,07173,70,3433,5106,72082,3492,131
75397,22533,84657,07,9199,06459,961,1021,4
028,841,63038,27,64714,4,43,2,76562
39360,112,14,523,037,928,5916,425,475
27593,57122,0836,63001,9,894,294,90379,3998
7512,61784,60034,482,700,934,4,1829,6
41478,16047,3994,14,220,37339,3563,9,7319
7189,4,2,936,9404,90086,71475,948,801
7,18357,7,25373,088,280,79,5806,0
5549,41,4,185,6,81876,456,684,785
3,47420,91,3256,6,4546,9027,5072,304
98,7,6,05,656,0,530,9622,6
955,14510,2401,1,5,85025,85,30278,0540
42,79538,126,3,3,5,6510,14667,824
147,2,3,409,77271,96,9,03,5
79,6,8470,6960,21,43,1,3116,8219
36460,9108,65310,5,958,81456,705,57,4
06668,12,06,4869,92384,3021,0,80293,869
4999,534,54,2463,3566,9,1650,240,48662
79,62232,7431,50,0645,81,16,99,107
8922,056,36743,2754,78,0,0,0,6
37731,096,345,5301,16,59,40,2,7
96,8,09,32,999,24,0,4,565
1,7,4,39368,40418,7,0,2684,21852
82669,6611,21162,73889,5,61794,8034,7012,2060
496,7,9,1,04,6,327,3014,3
83,81,7363,385,7815,2847,14689,3043,55038
6127,43,28500,8828,2209,4678,9,5182,92
23560,6,0004,8,9,34220,297,7980,1
2803,1,23,3660,9,18332,901,5971,22741
82062,7899,100,38445,5807,146,94,9,83
7,268,6111,388,33,8073,06,67,287
4,692,97882,13450,63,1,0,4544,82949
90,421,2,5,4542,46201,5,709,4860
6,286,1569,19,10890,317,568,173,898
319,2,292,9200,2,28,8850,5811,7
64,0570,05,1,63,16,053,08,97676
15861,0,60605,9,683,87,7131,6571,40
9,7,15,9,239,196,0,0,82098
41041,42,2749,12333,403,13419,03933,75407,1182
3388,7,51,6016,1,45,81499,61778,76891
19105,2601,1189,208,84860,336,5,95,3129
847,48,272,17,58309,714,15,56898,609
58052,5,6329,9,520,005,879,40,88
0,3,66,34,25,0,1,5,9621
248,2849,79193,8552,781,1828,792,46066,9
65,4940,18471,84,247,83,856,656,35
06248,0,85,506,6040,48451,660,39,43302
86,46,92468,3,8,82755,7368,7841,857
9848,60523,770,366,0560,30,6,3404,50
80,0491,882,140,29,057,7286,4,3
7583,6243,1842,5,633,0,3841,7562,6110
6092,3222,9647,7008,2236,606,56,6,25257
58980,8,96478,9,4,0,750,8,72
66,3,02,07238,00511,57502,1,35648,2
83907,06,68,33574,6328,20215,363,806,759
7,9,13845,00867,9,51033,41601,90,6290
58800,74468,7892,81,3778,76265,52,66157,74
1278,44525,57,76,135,41995,0,4010,11
90963,79095,45380,39,3,88873,91,61168,3016
86,2,50094,05564,0398,0611,25,0,4
76,2818,72751,26153,356,23295,337,2473,574
758,7195,74,84720,1499,7380,21850,82082,9
93894,385,0059,22,1983,12099,078,364,7
3,75536,15456,7528,01,13,10,287,2751
6016,86213,830,60,16050,9,2416,2050,1035
2186,24,906,3,038,38933,71,92,65
82,3,12065,85,8,68102,73,9,2766
76022,2,09651,148,9,46,52335,5,2558
3516,97802,9,8,55,40923,60,67,90288
43758,89,65229,199,82,2,055,5892,9
48,5423,753,32,138,81,6,1568,2814
4,287,38609,19,7,59588,307,01030,754
98503,20231,11148,789,84741,762,99,95613,8
38670,528,86697,72026,99,498,2,3030,62170
5024,74315,5662,8219,93350,9570,70400,36,49
64,54597,076,7651,8,67,2375,2,7
5706,17282,367,04203,76,3478,5,6,84361
17,6520,139,96,7,85247,201,30,26031
74,184,9,69,3630,48568,2,09205,7
79378,3998,79,89,1850,57,3446,7426,458
133,034,22,77971,63942,0,551,8,6
02,3,10713,29,39916,63627,7065,77,0
6,6,9,9,95,28448,3086,258,75
36,812,67,059,4,858,992,60,0811
670,9,825,5636,46327,21430,5862,928,04
5862,5,0,779,07,0,3581,105,1278
9729,83837,9168,7,76,14,1,9,6
33,17876,88,916,5211,93578,3,8076,6813
7,19,1381,751,6,37,80,986,68476
27,3492,90637,96444,544,8,1716,5973,2
92185,53,72,023,3670,6,607,72,70
94812,48264,89126,9937,2,8,10,74,31
4889,6,40931,348,9,7,129,12895,7476
853,7,1160,159,7506,523,9314,4,3
471,0997,249,275,6,3,0,4,942
52,89013,0,15055,993,317,36,9562,79990
28691,34777,18,02,28,5012,27018,203,72
97,6,62097,393,28,91234,7738,83541,93313
5767,949,8094,3930,35841,515,526,92,6
11057,6809,8,89719,6665,64841,36,70,0427
2998,16,6518,224,9067,23516,292,2,074
871,5016,08718,4548,508,006,30863,5401,51517
11,6013,182,293,16256,788,71,95416,4
57,178,5,9,9,86,062,94,811
54797,836,511,84,86,16,9264,443,6900
5,200,202,0,61,122,14857,206,5899
29896,44,90,173,0695,66132,02922,5070,68
6149,82046,94981,44,7,13091,9,8020,8
90,04,0,8,536,5229,28,88,7868
548,9087,94,6,8227,07925,35,3,12689
45,1710,5,2669,3,8271,12,1,300
2195,0,7865,1,093,0525,338,2745,160
50,5031,77447,66766,732,03528,266,708,250
92,1,91,55832,9,989,1590,85,8
110,97,50977,6,604,100,9204,01,253
5941,0,480,1637,90,19,2065,47,7366
84,8,8,22731,8,2760,64674,8452,3
6,5,246,0051,90576,560,3,285,0
469,162,97212,02,6022,1896,29711,0,2557
9,190,36247,8,381,77,84,5,419
48954,0093,90963,85,85,8,46646,79621,83716
0,02,683,6,657,0608,183,65,1
94973,66,44996,7585,07,0086,1214,9866,584
43,02,6,9084,2,7718,0905,5,45776
67665,0,941,2546,5,72,75305,6933,4
5,55573,2125,83342,982,22771,7,36,23219
971,5358,0,0635,223,334,74,97329,628
461,94,3500,192,1650,7244,54,6312,8
8,7,10,5,5257,4068,50276,791,4
967,53,14319,624,406,740,6,24,79
014,6940,6893,6,96,6439,8695,5730,18
6,46897,0,159,1,956,6,2954,87
7,18,19527,64,5,662,4,70272,5
61,8808,845,918,799,762,89169,89,91
57,6,25090,8,28554,417,65139,9,127
25,0,83376,673,34541,7909,37574,496,5
6137,44,77313,430,270,8668,69292,9791,6
3613,2005,1,29548,9280,8912,4288,26499,1
0,3250,6995,56106,004,5057,8,2440,5861
775,8303,3251,209,299,9192,0,87,37184
8081,320,12723,78833,08715,7796,09272,31,784
90010,08614,6786,91365,11034,53,03,07289,59636
7,7,1,6555,00828,15958,52,40,44714
43,2,8001,078,23303,9338,20889,970,19835
4483,61170,115,437,15,67,9,8,811
48,4,8,49,251,7,3731,65217,1704
0825,03956,7,15,97974,32408,844,90,4669
7,0,5,449,28,29,818,53265,2559
87493,51,3,27695,42,7,922,0404,44083
334,42369,52823,10,36,87422,25069,8,25
352,50330,51806,4863,908,6899,0,96898,492
2,2,81,30,926,4814,37639,0,6746
96,6,4795,68,0,6538,346,9,714
06629,42708,7604,2,774,8661,81,83927,30
9458,15807,985,7267,039,41,4,66902,058
12,5189,9786,147,465,9016,20450,158,4432
9925,8506,261,90,844,7570,10,82,21
52160,7554,5216,4929,44,29164,57,0182,5566
410,3,2,764,0144,31031,87,234,606
2,04431,70233,56,9297,09673,8,7213,79
44281,18,64232,6106,49,88553,1029,23349,89
42,27454,9,7643,494,7282,08928,039,153
150,70,7,74,46,14,831,18,15111
68,8,62,049,907,9227,28,73,3461
8595,9086,08,7,24452,928,52240,72965,37
449,42433,97694,51,80,07,899,72510,07
90155,108,06,0517,47,4,574,29,5004
72,8,03384,95654,8,13399,093,46,58528
7,76287,5,6539,5599,8,1313,4,1567
12342,83315,6,78847,898,772,5,373,9
0,8472,131,4016,8,1547,4098,585,15
60032,9,282,34,96928,6,607,8,0
38,03,9,4,5107,855,857,2980,701
11,996,02,6278,8321,47861,82,52083,7
9,42,16,40,2,6,84,8603,662
4178,40,81,814,0364,09,5,103,4
1801,31,9,816,46,4,495,209,55
98,1333,1,0,35442,086,99740,33846,5977
557,919,51297,880,4944,304,982,643,5
509,2,400,22,1215,37,89495,77700,7
299,49352,42,1322,4640,5,286,146,0
3684,822,3,1,72,04255,905,203,480
53064,720,8,450,34389,55,782,5,8
53,20,4,3,5,97452,70,743,874
1,661,76,36668,1205,24,9757,59,18
5,9,77319,7,56,624,565,69642,42246
4,6,187,1,1021,14861,288,1362,0875
43,104,3025,9,94712,28081,7,42991,907
9,9269,5,999,11551,6,20236,87,64897
4255,5566,9,16991,181,734,4599,8256,83
0772,20363,27,5,17,0,355,201,759
9616,44689,080,35,95835,1625,247,43,3660
608,23,0,2146,52946,29,04227,8,71
74,5891,1436,15139,5756,8044,41913,4086,9
1,11,9390,9,1,19374,221,973,0
2,854,2828,77851,32,26,54,0,07
814,7,30530,48325,81890,9,0,4019,3
68084,3,5741,2480,7002,6,15289,69,26985
658,04107,8678,94125,832,3,907,8788,8315
0,00,4896,53917,18263,41883,88707,04216,72
4880,1,83,3,76,9,802,919,6908
6,9,8243,02,0,45413,2794,0,95
2158,30171,3434,71142,17,0413,1,010,26329
98718,941,0904,48,16862,68415,462,17836,30413
339,74831,952,45298,68,7,10137,378,8
7,1246,11,90554,0053,5,905,60,96
6194,31181,424,2617,4329,67,72,775,9
08,6,80,1,79056,687,0,67036,7264
3712,2,6,7783,23022,96,26,906,4
6653,65455,432,988,985,9026,789,1,5948
231,31283,0,3281,32,4,51,37,4623
86112,2,150,249,046,4,5578,05,07685
84658,62,1059,5,2992,2342,7,279,456
9133,382,5,5,7,583,8644,39,43060
089,345,4,64074,7850,0,50,22195,9259
17,72,70444,543,3,43,599,8105,4288
01,15,3472,92089,24,94182,2713,41859,1852
9,11,44,7184,78539,38582,24,4,1
74,3756,430,975,63,1,1579,7935,61
03,88868,443,3328,28609,1,74,40663,3
7825,996,155,81045,74,433,4,880,7931
37,421,67,2644,4140,1371,40,89414,9
8573,8,3,65,036,06,44469,97985,35
6,0547,1904,3974,652,8130,2913,1869,421
1754,0459,2,5,65,211,0,6,63
14691,8,60669,57343,5,0407,980,62,01
8,6,17497,32,8,84,8,97305,6752
23,6,673,6,89,06,8,4,1
8,5,35,89,355,64931,4962,30,042
7,6154,625,3,19219,7,2646,826,5
490,6295,4348,3740,13696,367,17601,02403,6
2,8,125,329,8796,478,6069,401,9
18123,694,04311,8,1,57,9,350,3
8,0,4,54767,5,044,6,023,54
34722,2417,619,79273,04,4,0,44,05
65,3,6978,43,44,419,1,725,578
1345,19928,339,482,6,20,581,6210,94329
73886,1,520,09271,3,07,3488,3559,9694
76,16,8853,0,03939,651,246,6922,70276
059,7433,230,1,54080,7317,9,73,67625
7539,7,3657,38675,92,64,35,9985,5
1,93,7238,93,525,25,4629,20,005
31806,6,10825,17188,03587,2268,21655,531,32
64,7,42,6,27409,0,278,5,255
5366,6345,7013,9,0,25998,9476,81,4
26,28,5,12095,91503,8999,1,3437,684
465,5,2,42606,76,4348,60792,783,5
1,369,44,0526,3,0294,8,69,740
74,233,233,11568,21685,13,49,6626,13296
1,022,39,785,415,700,321,935,02053
32,83927,865,37444,64,323,596,0983,2008
7146,15,54,49089,71137,88,27986,58932,8838
82062,61,236,77,5,9321,0,606,8598
73090,26,1444,404,9,063,67,550,38802
99,9887,5,5291,85962,2,0,60029,94585
0,932,666,4,2504,49829,3,159,83625
80492,95,64329,2955,59,12,2,140,7114
60356,31406,59698,279,534,5346,3,4343,42
850,60,657,9381,3,027,747,32,34
54516,8,478,2,0,756,4297,479,702
4689,28,26,8,69,1,15,35,120
774,1981,02109,20,47966,5927,220,1,5
619,26780,08,358,460,7,1948,73447,05300
5253,003,7533,7,7040,998,35084,67198,543
1,25562,25,6,9,962,11,6691,69
75,1,37,988,06119,9,00,90,2522
981,60786,8,88307,299,313,85592,0,077
0252,2,19113,7,2219,5784,6796,5873,2
4,44392,397,9,3,83256,63,20725,7
4,8854,50,59441,552,7876,4366,7,191
54,51841,0299,350,11,142,29,0,3
44233,52505,9,78,363,24,1,87,11608
650,5,6,16545,55527,348,989,4966,34060
73241,06230,8,55439,40,6956,79,0387,8506
33,88884,1381,658,1,70938,8,54202,3
43026,15,5806,94962,4,3,0,764,98473
9,66951,9,2133,1229,817,63,2,98
3652,6500,33323,8,9,0028,0390,022,8
0,03,95915,680,01728,7,726,98031,94779
2,95,92,807,25,780,779,094,3
0335,2,3749,95990,71441,2495,849,50273,16
3855,930,51,90,944,10181,75,581,2549
57,38,0,387,79710,20,56192,75,705
7638,7270,218,48467,09,54,75780,22,01
656,5279,55,43356,86,5954,2,435,8
51758,41,191,6,3515,065,2,784,7099
3134,84941,02072,712,7123,1,2289,14013,377
6367,8,2,7,27469,71,25,44,2
76,35,69,3769,689,8,453,392,350
2786,58,11019,8,8,82151,68257,0624,5
4,2717,8,15504,5155,985,6117,7,055
35052,84,2,37093,5487,05,22558,14199,152
7,68428,324,71280,5,645,5188,6754,179
863,7,8,41793,844,991,0,1,1465
164,52667,2300,27508,508,38,583,2994,3
3,6240,822,4605,502,98181,71403,63516,1
0954,34695,549,66748,9393,53,450,7954,892
2399,24103,6,35,329,253,287,9,8522
8422,049,78,23030,7,4,34,3916,53125
6,0363,0,47,6,3,3988,97,7
66581,9857,7,7344,1784,42,12,7,98648
30211,539,32927,83,0,9,52202,70,6
8182,69,60501,497,95,9,342,15777,66
3,17328,7,17559,2136,536,53,276,91596
6615,83535,644,38962,32,74,661,45057,16
59510,5,038,87,5521,9174,9,38442,6
74501,458,70,191,881,8,203,43,08976
3,3087,1,5552,7,877,21192,06102,92797
919,6,2020,3623,64445,175,8,481,711
92329,4084,6,18611,5763,0778,504,92822,0428
7,690,4,8151,861,31,833,27,790
76316,3559,47,157,762,679,8,9,0
480,6552,67,35,19,1,0257,2206,8084
96,2,18288,5,37847,5582,70,134,3004
792,65385,534,16,6,101,214,247,5
21,82391,5891,50721,27,88,837,7948,037
3,22787,432,7070,438,9,84,52222,5
15,7658,23182,8495,586,20212,283,59225,517
7,2494,25,184,7,5045,39695,69,61
5013,603,19524,66738,95011,338,749,97,74
221,7964,4,91,761,48268,6109,881,6052
7,9,51,68163,32171,5613,5,34226,8181
71599,45120,736,1435,23,8,3113,2,79
9,302,75,62860,9,46146,45,39,9
48950,59569,25,198,1,835,0192,7339,207
79118,40176,245,6,552,75,01,9,33778
40,24369,12,71,1,49125,10899,47312,8
8361,2606,78104,5425,981,1709,7191,3,96
427,038,7,875,7,98499,0,5,84082
0,0719,331,90047,6,890,0,152,99912
4,4009,965,1,12021,54,90,9770,604
589,5774,957,161,070,78198,672,585,85356
277,18,866,26559,33,1640,2,2791,268
8,11626,72,30760,54547,24593,4467,6,71377
2772,3523,2,28838,76,60265,05654,59608,32
9,46171,2351,40,82189,425,1081,932,3
237,2434,80413,07470,29280,20219,03,9,1908
54474,592,48521,10529,27,21366,612,094,1
9448,359,0,06167,63,77,84938,4,5
218,62,4629,83866,47,76785,262,47323,5
1443,75960,8,41,6,18,3730,44,307
6,8,292,5,5985,345,03640,80618,92
5,230,56607,47818,545,87728,08,9097,7858
2,3419,5400,801,659,023,6242,32748,01
0,04311,53742,02,0836,41,3,134,7
88,0909,23956,5,2794,48,75,951,8
47,92,53,037,169,6003,480,49,8
21946,20,6,21,8,02,36301,855,8
2060,0491,84584,37527,6200,159,7069,6,64
03,26,447,8,646,71555,76600,583,008
0680,47,496,47861,792,18227,0,75842,3139
99440,24812,5,9177,8,67,163,22,01310
7,02,02,6,274,7107,83,06133,576
0403,49,19152,6,3574,870,048,790,24364
345,01759,108,6,8926,51324,43603,80,55909
9548,087,687,3683,821,4540,06422,3699,5352
1874,15141,642,83302,42233,5313,29890,4393,2688
215,7598,8918,181,11,6,4,62863,6
7800,42,639,7,76,0,29795,2092,61
4,264,2963,157,797,9974,4,62,10
25,0214,24,8763,54214,50,4025,73,72647
5402,4580,6,90377,9832,981,54,1667,83
500,69349,6231,23841,158,38553,3864,32,3625
4171,08250,04349,3381,06585,46,82,17,61199
9937,0,81,16834,78918,52,2,8,0450
97051,7,8,3,4,59,58,1,22708
44,09,98,8,952,28380,568,18318,03
50992,65,542,9,91656,40,94,65022,7
0028,56,4,69,34,11,9,0,77391
7696,81341,701,264,88,4,418,25,6
1062,65,8,17,0685,51,56088,108,6
67,19817,63404,34317,027,12967,03234,7012,4
02593,2569,42014,54,49005,5,28465,9764,1426
54,5,498,10325,1631,00,49,080,8615
02,8,344,104,08,73,0033,9138,69573
19,264,937,52,3,212,62535,7,2
8,68133,2,8620,50,1041,18,03,78728
20,5252,8,48463,51504,09,8,88567,20
63,92,684,1363,45,35,34143,44709,50097
07880,42,23967,1482,80,770,0006,9486,8
56,7291,8,853,156,2,83756,878,6
05096,22860,99657,09,1639,2330,898,750,80251
7,256,38,1311,58182,336,4,96,2731
85819,934,4412,1121,7,29,09,9251,0499
8759,658,25,80,16,8053,6216,4,4342
1098,8004,7,6,398,40925,79466,13192,3550
6742,8421,56,9495,77593,41,0535,824,16
599,0,56,4843,1697,75,7,73,55
51,95,6,8,71,7091,119,32,4571
583,4417,19,43,888,72,83375,88,7546
36,2576,005,54,250,4,1786,26,72
363,78910,5049,527,8573,72,2,0,49
5019,74200,0005,3,5,8,4995,7,8
33893,52,58,0778,73366,8,25227,6,0372
026,65724,40359,42421,655,7676,953,27767,5276
914,91,89870,26820,507,7,678,68455,096
0855,9299,0,8239,3,53,111,6247,04851
19590,82,4,49,40,2596,68501,6765,73
96391,48,19,1,83,3,4,9,4006
17737,4429,043,83,0150,62,4445,30354,1055
8,99864,71011,96,909,36685,03533,1,4473
43,16,32972,7114,12,61,28,41,1
7783,535,92030,386,73240,204,191,3731,6383
90052,65358,05,3671,36,98,00230,022,1
62,10,635,3862,09,9518,412,5,3891
55,047,0901,106,9787,579,45644,5,71
9873,4,99,012,8,53,7,0429,7866
0,46,3,37969,0,299,2618,2,750
18,5003,24108,775,7,7,6423,62064,039
929,600,33,5,3,96644,86,3,83211
0731,483,59438,00208,1,3,533,29,07
22,183,2585,69,721,6,0,57,044
1,8,22,948,51395,087,3944,572,915
97912,1494,371,025,8,539,35073,32450,671
04,7424,77,8816,3611,484,0306,9,00
78672,82,51,5,906,212,6267,81933,8346
963,95319,9270,4,86,6157,2396,708,505
18210,69,643,61019,405,074,48090,365,4
304,9,4,36,0639,24834,855,70153,73537
9,996,1337,227,9,6,0,7,620
926,5727,952,9162,65,2,77976,716,04
3968,48,97,7992,91782,03,01158,0909,6
4695,88,1,4,5,5,4175,3702,663
69704,256,307,7486,2971,14117,451,2,26
12464,397,23412,274,00869,714,18,92,9
691,864,3,68,2007,37080,88,40767,43
286,80599,0247,7159,00291,0858,6,3583,680
459,9379,780,0747,84394,37,6,77562,369
7,4,264,0380,90,649,6720,4,2
86,8,16,351,292,332,412,610,6500
7735,2,08831,935,13782,26569,49,28,2803
78,0,77706,3531,478,35626,65503,859,85574
11,4880,1,257,8154,5785,46,2,665
7,49482,6,88,4197,6,9,48106,8548
9176,801,87098,1752,0,0,3373,897,000
915,791,2,7573,0,75590,6439,926,2
07984,1,68,50022,929,58173,8731,9620,1760
52,111,95,64306,361,6,03,4,308
03834,098,61189,873,3347,307,8,2444,75
9029,04,7,33251,1,6,4,5148,8466
8333,19658,82717,240,55,090,57084,123,0
1,9244,4,403,1,6,04,806,14
7,79,15,989,5556,55796,89550,1242,64
9,3,64243,3361,7,23371,29429,5824,28
3428,1,8,58,18,36,4270,506,65997
74127,81,12,16302,09,0456,014,32764,2
0,4584,71201,1,343,24,0017,6,363
4,9660,47,3,976,671,91,62847,130
9,63,95,0,17609,45,45219,1,0441
6356,03576,367,338,43,1,44211,16328,4
91439,07,9,20747,92,63600,5120,1,55792
07349,9,3113,77486,0,7443,4,4956,86053
291,555,96,6,36231,4043,3,534,72
088,627,6124,4287,73,13,8557,940,19686
7477,734,22647,05,1394,4,77,0363,2085
85864,3625,87,5718,5618,4,43986,0,8
0,1707,74143,74205,3367,584,4,6,7
0103,0627,809,95865,8,763,17,5,04439
97574,8524,868,69557,7656,33168,0,37602,1
7,7476,75494,08,09628,46922,73910,96344,93
68584,20444,950,870,56446,91,2134,5266,32
7573,691,88454,3,7,30543,22680,0641,23386
25,1,00,58630,61736,0,872,63105,138
9843,6,1,9,916,6485,229,8,7424
2607,64381,345,4,71307,56,521,6013,2
245,1,12369,255,2,5,36,68,01489
588,1350,77341,872,077,305,7,05,472
4937,9149,6984,000,3038,98466,9194,6376,6
549,37,15,2,0,56,9325,7,80
0,648,2,040,56041,11339,8,5845,464
21590,9,7,091,947,39,9,179,1385
7521,167,87516,6,56729,0114,69351,30,04091
949,750,7101,94407,722,1142,2903,68,05
28014,9,566,01622,1,0812,195,092,130
70741,2037,1807,7,3733,94275,264,32602,1087
1,95953,9,22838,9578,07,74633,411,42
43046,32558,996,4,969,96,61742,90444,4033
33514,25326,21453,6,95671,652,33,9863,267
608,38279,9,42,00216,6755,108,1,481
80,98956,79409,70,5259,7,1,0,71311
4284,584,5,117,16,07940,9,928,58
82,799,4932,34994,3,2920,70239,3551,943
39215,05,619,9,1,5007,7654,2591,00
2688,43,05307,181,91910,2577,105,93718,86
81,71,5295,5,3,383,0,6477,96149
8834,73,238,6,36043,812,887,9,42296
76,0,15,306,73,55690,659,759,6116
7989,2,10,4806,76,0,3099,99797,35
55681,05318,9,5,7088,22711,1,8,4
260,612,7,304,9,97420,9,25,29
0,0122,03542,78005,24,38029,60657,0,67
3284,3383,83992,4640,9946,77552,08044,46,98
8919,5,0229,4,82,11819,33299,34346,8714
78,98,4945,5381,4365,4318,36,65,83
8956,25522,35068,5,19,34,760,6050,9
9,264,45,406,94336,713,3897,6846,24
627,51838,17120,156,8658,20486,21,4833,2097
313,04,10,9,38714,35882,11857,038,99579
8,3,80,49916,700,86920,06109,9,81
0863,59382,57,34562,0,66916,1,92,186
3992,551,3842,76365,713,791,0697,65,4
443,08,3932,22987,934,5136,1,86826,7106
1738,0,4471,4,9487,79,31635,2,4983
485,86,8787,0510,69009,4,53,7999,15
3763,1192,9,6,983,2,2,1665,82
35551,665,8,56,086,977,222,244,0521
8,0,7389,0749,41407,94,26400,422,394
0,9,904,5,8,6,6117,8,2836
3,25,1,91039,931,2,0,9,63
3771,191,22,333,187,7934,6480,78108,7089
0586,3987,54,28721,79,6,758,6882,620
45,53402,93930,8,28,406,84197,5655,4052
9956,2,66889,81476,3,0,0,78819,7832
01,01500,838,6163,0,02,18570,891,7882
5,412,01220,00,35,1,407,8987,269
72380,4,1028,7077,734,904,0761,227,1
761,7,99,05,01,661,73,03,104
2,940,3,5,170,12,9,03979,97
9015,1,24,2478,6678,37,08,1827,5489
69499,460,6371,5,89074,43179,00692,02529,88153
4,023,74806,56586,57111,025,87147,719,05322
22,2,04,0,9,37,49328,6,45188
22,34574,38,482,938,6,1,27,3373
73828,33362,6334,702,6,128,73189,4690,56590
75,2502,42854,34,7,16812,5,712,12567
02218,525,5,51575,3,5051,9882,7,9345
373,7,89,53,3251,58622,9,2,40855
13375,71256,57888,2,91290,2026,81771,08367,695
1,09581,15,43,19,1956,4846,2673,28776
66,09,29,97227,1,468,4907,94519,244
63,4,7265,88820,5,775,874,9,76
77,401,68032,528,85,1,35214,12354,55543
5504,36,52128,34459,5303,19388,828,4298,5
9,35,9,24754,5976,3,7031,539,61945
3,2990,6,05419,05581,78769,0,10,8
72,1558,8,6452,3375,68,04049,5,5920
36,54,68897,199,45,8,60517,98014,0
203,684,04899,063,8648,9,83,87,9575
6659,60274,76,84,9,4,4,5894,75
66365,5,01574,6,81,0980,76,015,3639
81,76,39,6,79,3,93,64,8
758,1,8257,7304,7,8,46279,733,984
6329,55,24,9,0366,384,6,543,3101
77,85803,9,57923,83,6906,9854,96969,5
06,9434,7,3275,64075,3304,5,92,9
9783,446,43089,05512,117,4247,7818,3801,90747
47,28,1064,2,877,0657,8,3,546
0303,16,98976,667,1421,65,1897,72034,33906
55,5283,5123,08,25765,9027,633,29,57278
09,63568,56617,3518,15539,3191,153,67439,27
9267,16,4202,6,57,3178,465,3596,71367
71,2,218,5942,44,08,806,9052,3502
52250,79,659,0532,16299,72003,48,39704,53709
2,53988,71,2737,9,80226,7,20,29889
202,46,85,30251,868,819,257,1,7244
803,04583,3,4771,37619,13,3,65293,1852
92538,85963,6,76,523,3,66,3,407
50,3748,74,778,92772,69982,6,58958,0
57,103,0,3101,78,325,3072,0,2
278,292,69887,03031,96,8,561,6257,28
87,3040,1555,509,16,1,420,126,48
8377,2367,37,94746,0433,40,9504,17979,7
69,535,58,3,1571,1,13,1,475
350,668,02,3,3,8,72,9899,71
424,1,81182,135,85464,779,77,51,613
8263,9,53744,5,42,776,77,210,3
8134,93577,15233,29733,96952,4,234,40,27258
647,1,08,1552,691,216,393,87712,4048
21,8,52641,526,55,90,22,71,90
51,58,85117,900,68650,6549,8,8126,0794
2,22,740,5,7,6,0591,4,5507
0,89609,44,21,3,944,79084,48,37
19383,7506,33084,3451,94725,968,14,30541,992
43,67829,47,83,15932,95,0,23,78868
0,299,49276,1,20182,40,767,5,2256
641,7,3,7202,28974,104,644,02,6
1205,935,32357,666,96306,9492,39,05,89463
765,74,33379,2043,58589,43212,70,9,41314
91710,94212,5,22008,993,91908,03,0,28
338,61,92,34,4,61,987,8060,23
37,4723,28,00085,96,2973,3,5609,777
8,143,35,2,13,42,357,5,3
6788,5,305,611,417,29311,984,3212,526
2318,86426,30,10,960,67,32,115,82258
17,7891,41,86,8123,229,48,15515,856
15887,51083,51,5849,6,604,75,6925,16
60347,44,98120,008,6,0039,96,585,8327
43663,178,08,0150,7,3361,81,7,10342
9360,829,8,24985,226,8,4,8,48
2335,752,1,4635,3,2353,201,443,4784
7217,1958,30,4231,6,756,0190,03,56
49,5466,4,5756,2511,64978,06,8,1253
82411,3120,08,3,30282,6,26653,60532,0498
039,360,14,969,26312,66346,87962,62087,6
065,99617,58,1,28,09392,1099,16155,3742
7326,10,677,90265,1482,3764,21,6,8305
84835,978,7,1,8017,90,26,6,72
325,40734,62349,5720,98,672,9,0,9627
8,1847,6,103,3768,578,72510,41,14346
886,70,944,188,621,10,3,2945,288
3758,95938,6,601,56196,6845,486,1471,20
73,1,5720,78817,407,094,2996,652,20
52804,39,18960,1,86,75892,77,3,679
529,27098,92,980,66,66088,10628,524,51085
92,56,8,53967,24064,5,32275,9,70
06,69,6,9724,0001,91856,53256,7991,5382
5,0,269,15319,8,1283,249,34,03102
3,54,8,1,2909,33021,12,91005,598
7,3865,06636,289,515,47112,51,930,9
89107,827,00303,6,6107,343,362,8288,64532
77240,2700,59818,0982,8795,775,0,753,0
119,97486,582,73,493,7,933,9,69
42524,2,96,45,5,31,30,40971,7632
33161,8239,506,78113,12305,9632,5144,67486,89
49691,0288,91,65099,7275,570,5680,954,98
3274,5,38860,4,3868,4887,9609,72110,68
15,084,75,77,0,9755,0,18402,0005
80,294,7,6,1932,0801,9518,02122,6
099,72,473,68,0631,6521,49683,12,69
54,203,684,3,835,1682,1,7,32
364,7,63874,95663,607,1,6952,49779,91
333,07,30642,03,92860,23993,0,83330,299
68674,76,90821,311,42184,80583,66,64,3893
36595,34863,39439,124,6229,34567,287,47,717
84,866,18,6,218,6,4200,29,36169
6,75268,4750,8396,8,8418,5,182,3
2930,57,81835,7446,9591,47,47112,0076,28180
416,711,49,2,19,3851,543,5532,39
562,822,33353,51,926,9,8,2564,86712
52,01,50368,74017,39,56753,47,56,0377
7393,089,9,856,95036,8342,7,9186,983
06,7156,0891,4631,50,668,531,20,70
9,3,96,61,32327,90138,70,808,2
84,51369,54310,8116,9,07679,26973,5,34
1,6704,6,53869,831,7,49,97285,350
878,06912,124,7,2,48,6968,13316,359
80454,4560,47069,60545,39505,83651,9,62,1
620,7623,4755,5400,7,603,652,195,4
2,60783,2851,90753,0215,3,25,9,81
01,168,7,21,4582,99,8,673,554
92547,7,0,883,1,63623,43563,3,881
1807,4739,616,9291,99904,4,92506,69365,07
1,13746,5409,9,31624,163,2369,6,50
1,474,6010,162,00,4,5899,04,91
375,94,63,3868,4,857,093,7140,95236
943,2,3,34220,9,5629,73,717,41
027,245,531,2,6,784,77626,4,22
4385,65,0130,224,2,67,6,5,152
3646,4123,0,68335,4,31,14707,3657,5628
139,0,7984,41,96,9262,32626,6155,02371
722,4776,1,4,9029,76,89411,5989,5366
721,219,266,943,3,5,89,832,385
0,0,19406,7057,8,470,0,9034,425
1,09,09778,2073,6,1,60650,41,689
6345,498,9,37490,12,411,20,7366,2943
54,4,71898,86,031,9,0,8,447
4754,1615,83501,29624,51293,672,47691,9372,365
29449,2,89,39462,8315,09647,47,10818,9382
09,47444,593,36,03,075,6,2,619
70,67270,76125,063,854,984,9,920,2
98537,013,3679,4,4948,6,2037,124,8
10,03247,4722,93,59951,69,5,88969,56
6041,4000,91721,5,1512,64,22,357,78
92,657,959,74,9316,2438,8,62160,725
89545,8,07,4,6,61770,3343,05807,7418
2317,75,475,490,36,73,6664,3,6
24,6,8,114,4,97,85,57,2763
87,7370,88983,752,0,1282,9,13,20726
05,7264,5,2,378,4,59471,464,07
2918,678,6,44,1,2630,9,2,1
171,3,43,1,253,05,08,81565,488
60602,31676,5821,10,3055,1,6604,8,42
73095,18,4523,2223,153,654,35,84,7
52077,052,94,7676,89226,529,7863,78973,52
37,6,58329,750,7773,1659,09981,8,6
88,539,6,15,173,376,8,8,948
96,4,28,70155,2545,9,28,5,4
6882,622,71,669,1477,051,092,3926,48640
361,1946,424,3961,1,01481,9,5,143
9668,74,43485,58,781,75,98359,56987,117
86,36799,75,644,90,707,86880,9,503
27,31110,0,58341,188,6,3,47482,93590
80,84,3,0312,1,156,82,5382,896
1569,71573,49,29,4,6182,8297,4,7461
4836,4,41,376,36,10,37349,95,1517
52992,2547,12,89,497,4905,1,0297,352
195,82046,8467,7,54,0,5370,83444,232
8,4,9,74,4386,28,27706,77082,035
073,646,5365,57482,7,28,74,0,524
32465,64780,6,95,28703,93135,93844,23,626
69926,32237,8,4600,280,13,03058,1403,7253
36,403,90,5,4005,162,295,547,4475
66,41,944,0,8982,5,4145,7677,121
46,1056,8,8,4,22548,7,41185,796
0,9452,46,070,02848,14081,8186,85158,903
03,3107,00,895,1098,883,52518,81,36681
6087,16191,7047,312,2,48651,1453,27025,8
49,9,9632,81,1936,17,32,442,2077
009,499,79,3,01,97,71,77,43
5261,036,2580,01,5,07415,5,6615,5
8019,1,774,5734,1,03,2,904,28
59,1725,998,73,27,403,5,9,73
4,017,7668,80,4,3,028,6,74709
7289,88110,5,5,1,4205,303,32364,22153
093,09021,41205,94,9383,23,307,80627,8684
03,16,02788,30015,9168,05,36,51191,43
3604,786,648,8,055,852,0495,98170,36058
712,8,22831,013,7982,24517,9534,93,0603
4839,98786,53,09,10,9,2,5523,309
09056,4109,1120,6549,2,08705,5876,4082,00
832,66,3,29,459,64,35778,614,46
22,76,07,0983,233,2179,4,88897,2274
2408,81602,1324,3078,68,0008,343,88,8168
6,8,3657,05,749,6808,3606,57353,5821
169,04834,68793,14598,6500,94846,3,75,0121
89,49242,32,7842,69762,2,650,5,893
8465,638,09,8176,01,02,06,1155,661
9595,81416,8,96440,226,93,34022,539,4
9,76,7870,8700,73545,33,23141,43610,198
4240,2217,83,560,0597,0047,791,0907,77
9741,4140,2427,4414,50603,13,833,66305,9
1661,43028,071,710,2,5,610,467,3
27125,3,33,5795,146,3,12,6351,36652
24258,18,267,8251,27144,76,6687,2,18784
62912,2,988,3564,2158,449,091,1117,1
10769,3,443,292,0,20701,7396,10711,5620
6414,5537,34509,7345,704,09,88239,1882,68
